{ "users": [
        {
          "id": 1,
          "name": "John Doe",
          "age": 25,
          "email": "john.doe@example.com",
          "address": {
            "street": "123 Main street",
            "city": "New York",
            "country": "USA"
          },
          "image": "https://randomuser.me/api/portraits/men/1.jpg"
        },
        {
          "id": 2,
          "name": "Jane Smith",
          "age": 30,
          "email": "jane.smith@example.com",
          "address": {
            "street": "456 Elm Avenue",
            "city": "London",
            "country": "UK"
          },
          "image": "https://randomuser.me/api/portraits/women/2.jpg"
        },
        {
          "id": 3,
          "name": "Alice Johnson",
          "age": 28,
          "email": "alice.johnson@example.com",
          "address": {
            "street": "789 Oak Road",
            "city": "Sydney",
            "country": "Australia"
          },
          "image": "https://randomuser.me/api/portraits/women/3.jpg"
        },
        {
          "id": 4,
          "name": "John Smith",
          "age": 25,
          "email": "john.smith@example.com",
          "address": {
            "street": "123 Main street",
            "city": "New York",
            "country": "USA"
          },
          "image": "https://randomuser.me/api/portraits/men/4.jpg"
        },
        {
          "id": 5,
          "name": "Emma Johnson",
          "age": 30,
          "email": "emma.johnson@example.com",
          "address": {
            "street": "456 Elm Avenue",
            "city": "London",
            "country": "UK"
          },
          "image": "https://randomuser.me/api/portraits/women/5.jpg"
        },
        {
          "id": 6,
          "name": "Sophia Davis",
          "age": 28,
          "email": "sophia.davis@example.com",
          "address": {
            "street": "789 Oak Road",
            "city": "Sydney",
            "country": "Australia"
          },
          "image": "https://randomuser.me/api/portraits/women/6.jpg"
        },
        {
          "id": 7,
          "name": "William Wilson",
          "age": 32,
          "email": "william.wilson@example.com",
          "address": {
            "street": "321 Elm street",
            "city": "Paris",
            "country": "France"
          },
          "image": "https://randomuser.me/api/portraits/men/7.jpg"
        },
        {
          "id": 8,
          "name": "Olivia Martinez",
          "age": 27,
          "email": "olivia.martinez@example.com",
          "address": {
            "street": "789 Oak Road",
            "city": "Berlin",
            "country": "Germany"
          },
          "image": "https://randomuser.me/api/portraits/women/8.jpg"
        },
        {
          "id": 9,
          "name": "Noah Taylor",
          "age": 35,
          "email": "noah.taylor@example.com",
          "address": {
            "street": "456 Elm Avenue",
            "city": "Tokyo",
            "country": "Japan"
          },
          "image": "https://randomuser.me/api/portraits/men/9.jpg"
        },
        {
          "id": 10,
          "name": "Ava Anderson",
          "age": 29,
          "email": "ava.anderson@example.com",
          "address": {
            "street": "123 Main street",
            "city": "Rio de Janeiro",
            "country": "Brazil"
          },
          "image": "https://randomuser.me/api/portraits/women/10.jpg"
        },
        {
          "id": 11,
          "name": "Liam Wilson",
          "age": 31,
          "email": "liam.wilson@example.com",
          "address": {
            "street": "789 Oak Road",
            "city": "Los Angeles",
            "country": "USA"
          },
          "image": "https://randomuser.me/api/portraits/men/11.jpg"
        },
        {
          "id": 12,
          "name": "Mia Brown",
          "age": 26,
          "email": "mia.brown@example.com",
          "address": {
            "street": "456 Elm Avenue",
            "city": "Toronto",
            "country": "Canada"
          },
          "image": "https://randomuser.me/api/portraits/women/12.jpg"
        },
        {
          "id": 13,
          "name": "Ethan Johnson",
          "age": 29,
          "email": "ethan.johnson@example.com",
          "address": {
            "street": "123 Main street",
            "city": "Melbourne",
            "country": "Australia"
          },
          "image": "https://randomuser.me/api/portraits/men/13.jpg"
        },
        {
          "id": 14,
          "name": "Ava Thompson",
          "age": 27,
          "email": "ava.thompson@example.com",
          "address": {
            "street": "789 Oak Road",
            "city": "Paris",
            "country": "France"
          },
          "image": "https://randomuser.me/api/portraits/women/14.jpg"
        },
        {
          "id": 15,
          "name": "Liam Clark",
          "age": 33,
          "email": "liam.clark@example.com",
          "address": {
            "street": "456 Elm Avenue",
            "city": "Berlin",
            "country": "Germany"
          },
          "image": "https://randomuser.me/api/portraits/men/15.jpg"
        },
        {
          "id": 16,
          "name": "Sophia Lewis",
          "age": 28,
          "email": "sophia.lewis@example.com",
          "address": {
            "street": "123 Main street",
            "city": "Tokyo",
            "country": "Japan"
          },
          "image": "https://randomuser.me/api/portraits/women/16.jpg"
        },
        {
          "id": 17,
          "name": "Jackson White",
          "age": 30,
          "email": "jackson.white@example.com",
          "address": {
            "street": "789 Oak Road",
            "city": "Barcelona",
            "country": "Spain"
          },
          "image": "https://randomuser.me/api/portraits/men/17.jpg"
        },
        {
          "id": 18,
          "name": "Amelia Young",
          "age": 25,
          "email": "amelia.young@example.com",
          "address": {
            "street": "456 Elm Avenue",
            "city": "Rome",
            "country": "Italy"
          },
          "image": "https://randomuser.me/api/portraits/women/18.jpg"
        },
        {
          "id": 19,
          "name": "Mason Hall",
          "age": 29,
          "email": "mason.hall@example.com",
          "address": {
            "street": "123 Main street",
            "city": "Sydney",
            "country": "Australia"
          },
          "image": "https://randomuser.me/api/portraits/men/19.jpg"
        },
        {
          "id": 20,
          "name": "Charlotte Baker",
          "age": 27,
          "email": "charlotte.baker@example.com",
          "address": {
            "street": "789 Oak Road",
            "city": "London",
            "country": "UK"
          },
          "image": "https://randomuser.me/api/portraits/women/20.jpg"
        }
      ]
    }